{"epoch": 800, "cost": 0.8071322747690755, "theta": [[4.1725109141971695], [2.807713841602281]]}