{"epoch": 132, "cost": 0.8065984290066736, "theta": [[4.208320615609584], [2.776095821685537]]}