{"epoch": 100, "cost": 0.8067109582071431, "theta": [[4.194638913705204], [2.7881760208004573]]}