{"epoch": 700, "cost": 0.80766568069658, "theta": [[4.155266051292729], [2.8229401182043055]]}