{"epoch": 500, "cost": 0.8107968237825364, "theta": [[4.096998559820659], [2.874387141759494]]}