{"epoch": 300, "cost": 0.8229964210404681, "theta": [[3.9819755674927664], [2.9759264019528056]]}