{"epoch": 994, "cost": 0.8067309932784186, "theta": [[4.193077162680995], [2.7895549620661146]]}