{"epoch": 600, "cost": 0.808718561285616, "theta": [[4.131037893836375], [2.8443322642584232]]}