{"epoch": 4, "cost": 409840.37134477467, "theta": [[-290.7691987796894], [-331.0729038535646]]}