{"epoch": 400, "cost": 0.814899069612869, "theta": [[4.049174882990601], [2.916612561648264]]}