{"epoch": 200, "cost": 0.8389817344342966, "theta": [[3.886920693242157], [3.0585308159990054]]}