{"epoch": 4, "cost": 74.47017973305157, "theta": [[-0.04445998479756508], [-1.4349212336086552]]}