{"epoch": 900, "cost": 0.8068620429056903, "theta": [[4.184785281222097], [2.7968762426904754]]}